<?xml version="1.0" encoding="UTF-8"?>
<project-private xmlns="http://www.netbeans.org/ns/project-private/1">
    <editor-bookmarks xmlns="http://www.netbeans.org/ns/editor-bookmarks/2" lastBookmarkId="0"/>
    <open-files xmlns="http://www.netbeans.org/ns/projectui-open-files/2">
        <group>
            <file>file:/C:/Users/grego/Desktop/School_23-24/Java/A3_StarterPack/Assignment3_starter/src/ferry/Ferry.java</file>
            <file>file:/C:/Users/grego/Desktop/School_23-24/Java/A3_StarterPack/Assignment3_starter/src/ferry/Passenger.java</file>
            <file>file:/C:/Users/grego/Desktop/School_23-24/Java/A3_StarterPack/Assignment3_starter/src/ferry/SimpleDate.java</file>
            <file>file:/C:/Users/grego/Desktop/School_23-24/Java/A3_StarterPack/Assignment3_starter/src/ferry/FerryMain.java</file>
        </group>
    </open-files>
</project-private>
